name,evidence_count,dominant_themes,sample_excerpt
Donald Trump,69,Legality and War Powers; Imminence and Threat; Public Opinion; Historical Comparisons,"| Date | Event | |------|-------| | Jan 29, 2026 | Kaine/Paul War Powers Resolution introduced in Senate; Khanna/Massie in House | | Feb 24, 2026 | Trump State of the Union; Rubio briefed Gang of Eight | | Feb 25, 2026 | Kaine, Schumer, Schiff announce push for War Powers vote | | Feb 28, 2026 | U.S. and Israel launch strikes on Iran (Operation Epic Fury); Khamenei killed | | Mar 1, 2026 | Strike on girls' school in Minab (~180 killed); first U.S. troops killed | | Mar 3–4, 2026 | Classified briefings for Congress; Democrats issue warnings | | Mar 4,…"
Angus King,43,Legality and War Powers; Moral Irony; Imminence and Threat; Diplomacy,"**Premise:** Rubio's statements suggest U.S. military decisions were driven by Israeli actions, not independent U.S. security interests. **Key Proponents:** - **King:** ""Have we now delegated the most solemn decision that can be made in our society, the decision to go to war, to another country?"" - **Sanders:** ""Trump is gambling with American lives to fulfill Netanyahu's decades-long ambition."" - **Warner:** ""A war of choice that has been dictated by Israel's goals and timelines."" - **Gallego:** Slammed Israel for ""leading"" the operation — called it ""a…"
Hakeem Jeffries,18,Jeffries Evolution; Legality and War Powers; Imminence and Threat; Diplomacy,"**Premise:** The administration claimed ""imminent threat"" to justify strikes, but Democrats with intelligence access say no such evidence exists. **Key Proponents:** - **Warner** (Vice Chair, Intel Committee): ""I saw no evidence that Iran was on the verge of launching any kind of preemptive strike against the United States."" - **Kaine** (Armed Services/Foreign Relations): ""It was clearly not an imminent threat... That doesn't meet the definition of imminence under any legal criteria I'm aware of."" - **Jeffries:** Reported seeing ""zero evidence"" of…"
Bernie Sanders,15,Imminence and Threat; Legality and War Powers; Historical Comparisons; Jeffries Evolution,"**Premise:** Article I, Section 8 of the Constitution grants Congress alone the power to declare war. Trump launched strikes without congressional authorization. **Key Proponents:** - **Sanders:** ""An illegal, premeditated and unconstitutional war."" - **Warren:** ""This illegal war is based on lies."" - **Markey:** ""Illegal and unconstitutional."" - **Khanna:** ""An illegal regime change war."" - **Schiff:** ""Congress alone has the power to declare war... the Founders' worst fears have come to pass."" - **Kaine:** Led War Powers Resolution effort; called…"
Chuck Schumer,12,Legality and War Powers; Imminence and Threat; Public Opinion; Historical Comparisons,"| Date | Event | |------|-------| | Jan 29, 2026 | Kaine/Paul War Powers Resolution introduced in Senate; Khanna/Massie in House | | Feb 24, 2026 | Trump State of the Union; Rubio briefed Gang of Eight | | Feb 25, 2026 | Kaine, Schumer, Schiff announce push for War Powers vote | | Feb 28, 2026 | U.S. and Israel launch strikes on Iran (Operation Epic Fury); Khamenei killed | | Mar 1, 2026 | Strike on girls' school in Minab (~180 killed); first U.S. troops killed | | Mar 3–4, 2026 | Classified briefings for Congress; Democrats issue warnings | | Mar 4,…"
Ro Khanna,11,Legality and War Powers; Imminence and Threat; Intra-party Division; Diplomacy,"| Date | Event | |------|-------| | Jan 29, 2026 | Kaine/Paul War Powers Resolution introduced in Senate; Khanna/Massie in House | | Feb 24, 2026 | Trump State of the Union; Rubio briefed Gang of Eight | | Feb 25, 2026 | Kaine, Schumer, Schiff announce push for War Powers vote | | Feb 28, 2026 | U.S. and Israel launch strikes on Iran (Operation Epic Fury); Khamenei killed | | Mar 1, 2026 | Strike on girls' school in Minab (~180 killed); first U.S. troops killed | | Mar 3–4, 2026 | Classified briefings for Congress; Democrats issue warnings | | Mar 4,…"
Tim Kaine,11,Legality and War Powers; Historical Comparisons; Imminence and Threat; Public Opinion,"| Date | Event | |------|-------| | Jan 29, 2026 | Kaine/Paul War Powers Resolution introduced in Senate; Khanna/Massie in House | | Feb 24, 2026 | Trump State of the Union; Rubio briefed Gang of Eight | | Feb 25, 2026 | Kaine, Schumer, Schiff announce push for War Powers vote | | Feb 28, 2026 | U.S. and Israel launch strikes on Iran (Operation Epic Fury); Khamenei killed | | Mar 1, 2026 | Strike on girls' school in Minab (~180 killed); first U.S. troops killed | | Mar 3–4, 2026 | Classified briefings for Congress; Democrats issue warnings | | Mar 4,…"
Chris Murphy,11,Legality and War Powers; Imminence and Threat; Moral Irony; Diplomacy,"**Premise:** After classified briefings, Democrats emerged saying the administration presented no clear objectives, timeline, or exit strategy. **Key Proponents:** - **Warren:** ""The Trump Administration has no plan in Iran... he seems to have no plan for how to end it."" - **Murphy:** ""Multi-trillion-dollar endeavor with unclear and constantly evolving objectives."" - **Markey:** ""Donald Trump is waging an illegal war, and he has no plan to end it."" - **Blumenthal:** ""I am no more clear on what the priorities are going to be going forward."" -…"
Marco Rubio,10,Israel and Delegation; Imminence and Threat; Legality and War Powers; Jeffries Evolution,"| Date | Event | |------|-------| | Jan 29, 2026 | Kaine/Paul War Powers Resolution introduced in Senate; Khanna/Massie in House | | Feb 24, 2026 | Trump State of the Union; Rubio briefed Gang of Eight | | Feb 25, 2026 | Kaine, Schumer, Schiff announce push for War Powers vote | | Feb 28, 2026 | U.S. and Israel launch strikes on Iran (Operation Epic Fury); Khamenei killed | | Mar 1, 2026 | Strike on girls' school in Minab (~180 killed); first U.S. troops killed | | Mar 3–4, 2026 | Classified briefings for Congress; Democrats issue warnings | | Mar 4,…"
Thomas Massie,9,Legality and War Powers; Intra-party Division; Imminence and Threat; Diplomacy,"| Date | Event | |------|-------| | Jan 29, 2026 | Kaine/Paul War Powers Resolution introduced in Senate; Khanna/Massie in House | | Feb 24, 2026 | Trump State of the Union; Rubio briefed Gang of Eight | | Feb 25, 2026 | Kaine, Schumer, Schiff announce push for War Powers vote | | Feb 28, 2026 | U.S. and Israel launch strikes on Iran (Operation Epic Fury); Khamenei killed | | Mar 1, 2026 | Strike on girls' school in Minab (~180 killed); first U.S. troops killed | | Mar 3–4, 2026 | Classified briefings for Congress; Democrats issue warnings | | Mar 4,…"
Elizabeth Warren,9,Imminence and Threat; Legality and War Powers; Historical Comparisons; Diplomacy,"**Premise:** Article I, Section 8 of the Constitution grants Congress alone the power to declare war. Trump launched strikes without congressional authorization. **Key Proponents:** - **Sanders:** ""An illegal, premeditated and unconstitutional war."" - **Warren:** ""This illegal war is based on lies."" - **Markey:** ""Illegal and unconstitutional."" - **Khanna:** ""An illegal regime change war."" - **Schiff:** ""Congress alone has the power to declare war... the Founders' worst fears have come to pass."" - **Kaine:** Led War Powers Resolution effort; called…"
Ali Khamenei,8,Legality and War Powers; Diplomacy; Imminence and Threat; Israel and Delegation,"| Date | Event | |------|-------| | Jan 29, 2026 | Kaine/Paul War Powers Resolution introduced in Senate; Khanna/Massie in House | | Feb 24, 2026 | Trump State of the Union; Rubio briefed Gang of Eight | | Feb 25, 2026 | Kaine, Schumer, Schiff announce push for War Powers vote | | Feb 28, 2026 | U.S. and Israel launch strikes on Iran (Operation Epic Fury); Khamenei killed | | Mar 1, 2026 | Strike on girls' school in Minab (~180 killed); first U.S. troops killed | | Mar 3–4, 2026 | Classified briefings for Congress; Democrats issue warnings | | Mar 4,…"
Adam Schiff,7,Legality and War Powers; Historical Comparisons; Public Opinion; Imminence and Threat,"| Date | Event | |------|-------| | Jan 29, 2026 | Kaine/Paul War Powers Resolution introduced in Senate; Khanna/Massie in House | | Feb 24, 2026 | Trump State of the Union; Rubio briefed Gang of Eight | | Feb 25, 2026 | Kaine, Schumer, Schiff announce push for War Powers vote | | Feb 28, 2026 | U.S. and Israel launch strikes on Iran (Operation Epic Fury); Khamenei killed | | Mar 1, 2026 | Strike on girls' school in Minab (~180 killed); first U.S. troops killed | | Mar 3–4, 2026 | Classified briefings for Congress; Democrats issue warnings | | Mar 4,…"
Mark Warner,7,Imminence and Threat; Diplomacy; Israel and Delegation; Legality and War Powers,"**Premise:** The administration claimed ""imminent threat"" to justify strikes, but Democrats with intelligence access say no such evidence exists. **Key Proponents:** - **Warner** (Vice Chair, Intel Committee): ""I saw no evidence that Iran was on the verge of launching any kind of preemptive strike against the United States."" - **Kaine** (Armed Services/Foreign Relations): ""It was clearly not an imminent threat... That doesn't meet the definition of imminence under any legal criteria I'm aware of."" - **Jeffries:** Reported seeing ""zero evidence"" of…"
Ruben Gallego,6,Imminence and Threat; Legality and War Powers; Israel and Delegation; Moral Irony,"**Premise:** Rubio's statements suggest U.S. military decisions were driven by Israeli actions, not independent U.S. security interests. **Key Proponents:** - **King:** ""Have we now delegated the most solemn decision that can be made in our society, the decision to go to war, to another country?"" - **Sanders:** ""Trump is gambling with American lives to fulfill Netanyahu's decades-long ambition."" - **Warner:** ""A war of choice that has been dictated by Israel's goals and timelines."" - **Gallego:** Slammed Israel for ""leading"" the operation — called it ""a…"
John Fetterman,5,Legality and War Powers; Intra-party Division; Imminence and Threat; Israel and Delegation,"| Date | Event | |------|-------| | Jan 29, 2026 | Kaine/Paul War Powers Resolution introduced in Senate; Khanna/Massie in House | | Feb 24, 2026 | Trump State of the Union; Rubio briefed Gang of Eight | | Feb 25, 2026 | Kaine, Schumer, Schiff announce push for War Powers vote | | Feb 28, 2026 | U.S. and Israel launch strikes on Iran (Operation Epic Fury); Khamenei killed | | Mar 1, 2026 | Strike on girls' school in Minab (~180 killed); first U.S. troops killed | | Mar 3–4, 2026 | Classified briefings for Congress; Democrats issue warnings | | Mar 4,…"
Josh Gottheimer,5,Legality and War Powers; Intra-party Division; Diplomacy; Imminence and Threat,"| Lawmaker | Position | |----------|----------| | John Fetterman (D-PA) | Only Senate Dem to vote against War Powers Resolution | | Josh Gottheimer (D-NJ) | Praised Trump; co-authored alternate 30-day resolution | | Jared Moskowitz (D-FL) | Called Khanna-Massie resolution ""the Ayatollah Protection Act"" | | Jimmy Panetta (D-CA) | Signed alternate 30-day resolution | | Henry Cuellar (D-TX) | Signed alternate 30-day resolution | | Greg Landsman (D-OH) | Signed alternate 30-day resolution | | Jared Golden (D-ME) | Signed alternate 30-day resolution | | Jim…"
Rand Paul,4,Legality and War Powers; Imminence and Threat; Intra-party Division; Israel and Delegation,"| Date | Event | |------|-------| | Jan 29, 2026 | Kaine/Paul War Powers Resolution introduced in Senate; Khanna/Massie in House | | Feb 24, 2026 | Trump State of the Union; Rubio briefed Gang of Eight | | Feb 25, 2026 | Kaine, Schumer, Schiff announce push for War Powers vote | | Feb 28, 2026 | U.S. and Israel launch strikes on Iran (Operation Epic Fury); Khamenei killed | | Mar 1, 2026 | Strike on girls' school in Minab (~180 killed); first U.S. troops killed | | Mar 3–4, 2026 | Classified briefings for Congress; Democrats issue warnings | | Mar 4,…"
Ed Markey,4,Legality and War Powers; Imminence and Threat; Historical Comparisons; Strategy and Exit Plan,"**Premise:** Article I, Section 8 of the Constitution grants Congress alone the power to declare war. Trump launched strikes without congressional authorization. **Key Proponents:** - **Sanders:** ""An illegal, premeditated and unconstitutional war."" - **Warren:** ""This illegal war is based on lies."" - **Markey:** ""Illegal and unconstitutional."" - **Khanna:** ""An illegal regime change war."" - **Schiff:** ""Congress alone has the power to declare war... the Founders' worst fears have come to pass."" - **Kaine:** Led War Powers Resolution effort; called…"
Benjamin Netanyahu,4,Imminence and Threat; Legality and War Powers; Israel and Delegation; Strategy and Exit Plan,"**Premise:** Rubio's statements suggest U.S. military decisions were driven by Israeli actions, not independent U.S. security interests. **Key Proponents:** - **King:** ""Have we now delegated the most solemn decision that can be made in our society, the decision to go to war, to another country?"" - **Sanders:** ""Trump is gambling with American lives to fulfill Netanyahu's decades-long ambition."" - **Warner:** ""A war of choice that has been dictated by Israel's goals and timelines."" - **Gallego:** Slammed Israel for ""leading"" the operation — called it ""a…"
Rashida Tlaib,4,Legality and War Powers; Public Opinion; Imminence and Threat; Jeffries Evolution,"**Premise:** Polling data overwhelmingly shows public opposition, especially among Democratic voters and independents. **Key Proponents:** - **Schumer:** ""The American people do not want an endless war."" - **Sanders:** ""The people of our country, no matter what their political persuasion, do not want endless war."" - **Tlaib:** ""The American public does not desire a war with Iran."" **Supporting Evidence Cited:** - CNN poll: 59% disapprove of strikes; only 18% of Democrats approve - Washington Post poll: 47% say U.S. should stop strikes; only 25% continue…"
Cory Booker,4,Legality and War Powers; Domestic Priorities; Public Opinion; Imminence and Threat,"**Premise:** Resources being spent on war should address Americans' needs at home. **Key Proponents:** - **Sanders:** ""They want decent-paying jobs, and health care and housing that they can afford."" - **Booker:** ""Astonished by the lack of information... all while cutting healthcare for millions and eliminating programs for veterans and children's school lunches."" - **Kaine:** ""We should be focused on lowering costs at home, not starting unnecessary and wildly expensive wars abroad."" - **Murphy:** ""I have no obligation to support this illegal war."" ---"
Jimmy Panetta,4,Legality and War Powers; Intra-party Division; Diplomacy; Imminence and Threat,"| Lawmaker | Position | |----------|----------| | John Fetterman (D-PA) | Only Senate Dem to vote against War Powers Resolution | | Josh Gottheimer (D-NJ) | Praised Trump; co-authored alternate 30-day resolution | | Jared Moskowitz (D-FL) | Called Khanna-Massie resolution ""the Ayatollah Protection Act"" | | Jimmy Panetta (D-CA) | Signed alternate 30-day resolution | | Henry Cuellar (D-TX) | Signed alternate 30-day resolution | | Greg Landsman (D-OH) | Signed alternate 30-day resolution | | Jared Golden (D-ME) | Signed alternate 30-day resolution | | Jim…"
Henry Cuellar,4,Legality and War Powers; Intra-party Division; Diplomacy; Imminence and Threat,"| Lawmaker | Position | |----------|----------| | John Fetterman (D-PA) | Only Senate Dem to vote against War Powers Resolution | | Josh Gottheimer (D-NJ) | Praised Trump; co-authored alternate 30-day resolution | | Jared Moskowitz (D-FL) | Called Khanna-Massie resolution ""the Ayatollah Protection Act"" | | Jimmy Panetta (D-CA) | Signed alternate 30-day resolution | | Henry Cuellar (D-TX) | Signed alternate 30-day resolution | | Greg Landsman (D-OH) | Signed alternate 30-day resolution | | Jared Golden (D-ME) | Signed alternate 30-day resolution | | Jim…"
Greg Landsman,4,Legality and War Powers; Intra-party Division; Diplomacy; Imminence and Threat,"| Lawmaker | Position | |----------|----------| | John Fetterman (D-PA) | Only Senate Dem to vote against War Powers Resolution | | Josh Gottheimer (D-NJ) | Praised Trump; co-authored alternate 30-day resolution | | Jared Moskowitz (D-FL) | Called Khanna-Massie resolution ""the Ayatollah Protection Act"" | | Jimmy Panetta (D-CA) | Signed alternate 30-day resolution | | Henry Cuellar (D-TX) | Signed alternate 30-day resolution | | Greg Landsman (D-OH) | Signed alternate 30-day resolution | | Jared Golden (D-ME) | Signed alternate 30-day resolution | | Jim…"
Jared Golden,4,Legality and War Powers; Intra-party Division; Diplomacy; Imminence and Threat,"| Lawmaker | Position | |----------|----------| | John Fetterman (D-PA) | Only Senate Dem to vote against War Powers Resolution | | Josh Gottheimer (D-NJ) | Praised Trump; co-authored alternate 30-day resolution | | Jared Moskowitz (D-FL) | Called Khanna-Massie resolution ""the Ayatollah Protection Act"" | | Jimmy Panetta (D-CA) | Signed alternate 30-day resolution | | Henry Cuellar (D-TX) | Signed alternate 30-day resolution | | Greg Landsman (D-OH) | Signed alternate 30-day resolution | | Jared Golden (D-ME) | Signed alternate 30-day resolution | | Jim…"
Jim Costa,4,Legality and War Powers; Intra-party Division; Diplomacy; Imminence and Threat,"| Lawmaker | Position | |----------|----------| | John Fetterman (D-PA) | Only Senate Dem to vote against War Powers Resolution | | Josh Gottheimer (D-NJ) | Praised Trump; co-authored alternate 30-day resolution | | Jared Moskowitz (D-FL) | Called Khanna-Massie resolution ""the Ayatollah Protection Act"" | | Jimmy Panetta (D-CA) | Signed alternate 30-day resolution | | Henry Cuellar (D-TX) | Signed alternate 30-day resolution | | Greg Landsman (D-OH) | Signed alternate 30-day resolution | | Jared Golden (D-ME) | Signed alternate 30-day resolution | | Jim…"
Richard Blumenthal,3,Legality and War Powers; Imminence and Threat; Strategy and Exit Plan; Historical Comparisons,"**Premise:** After classified briefings, Democrats emerged saying the administration presented no clear objectives, timeline, or exit strategy. **Key Proponents:** - **Warren:** ""The Trump Administration has no plan in Iran... he seems to have no plan for how to end it."" - **Murphy:** ""Multi-trillion-dollar endeavor with unclear and constantly evolving objectives."" - **Markey:** ""Donald Trump is waging an illegal war, and he has no plan to end it."" - **Blumenthal:** ""I am no more clear on what the priorities are going to be going forward."" -…"
Andy Kim,3,Historical Comparisons; Imminence and Threat; Israel and Delegation; Jeffries Evolution,"**Premise:** Democrats compare the administration's justifications to the deceptions that led to the Iraq and Vietnam wars. **Key Proponents:** - **Sanders:** ""The American people were lied to about Vietnam. The American people were lied to about Iraq. The American people are being lied to again today."" - **Warren:** ""This illegal war is based on lies."" - **Andy Kim:** Trump's decision ""mirrors the dangerous and misguided choice made by President Bush"" in Iraq. - **Warner:** ""We have witnessed this strategy before — urgent claims, distorted…"
Alexandria Ocasio-Cortez,3,Diplomacy; Legality and War Powers; Imminence and Threat; Public Opinion,"**Premise:** Active negotiations were underway and making progress before military action began. **Key Proponents:** - **AOC:** ""Just this week, negotiations were underway between Iran and the U.S. that could have prevented war."" - **Meeks, Smith, Himes (joint statement):** ""Diplomacy is the most effective tool available... Renewed talks with Tehran show that a diplomatic path remains open."" **Supporting Evidence Cited:** - Oman's foreign minister confirmed ""significant progress"" in talks before strikes - White House acknowledged Trump's…"
Jared Moskowitz,2,Legality and War Powers; Intra-party Division; Diplomacy; Imminence and Threat,"| Lawmaker | Position | |----------|----------| | John Fetterman (D-PA) | Only Senate Dem to vote against War Powers Resolution | | Josh Gottheimer (D-NJ) | Praised Trump; co-authored alternate 30-day resolution | | Jared Moskowitz (D-FL) | Called Khanna-Massie resolution ""the Ayatollah Protection Act"" | | Jimmy Panetta (D-CA) | Signed alternate 30-day resolution | | Henry Cuellar (D-TX) | Signed alternate 30-day resolution | | Greg Landsman (D-OH) | Signed alternate 30-day resolution | | Jared Golden (D-ME) | Signed alternate 30-day resolution | | Jim…"
Nancy Pelosi,1,Human Rights; Fiscal Irony; Imminence and Threat; Legality and War Powers,"**I need to conduct a deep investigation and analysis of all the statemnts and claims by the democratic leaders regarding the iran war, id like to compile a massive and comprehensive collection of their rhetoric, premises and supporing evidince for their claims.** Here's the comprehensive compilation. I've organized Democratic leaders' rhetoric into a structured analytical framework covering every major figure, their claims, premises, and the evidence they cite. **Eight Core Democratic Arguments** The Democratic opposition clusters around **eight…"
